release_year,rank_in_year,imdb_rating,mpaa_rating,film_title,film_budget,length_in_min,domestic_distributor,worldwide_gross,domestic_gross,genre_1,genre_2,genre_3,marvel_flag
2019,1,8.5,PG-13,Avengers: Endgame,356000000,181,Walt Disney ,2797800564,858373000,Action,Adventure,Drama,1
2019,2,7,PG,The Lion King,260000000,118,Walt Disney ,1656943394,543638043,Animation,Adventure,Drama,0
2019,3,7.2,PG,Frozen II,150000000,103,Walt Disney ,1420560456,470089732,Animation,Adventure,Comedy,0
2019,4,7.6,PG-13,Spider-Man: Far from Home,160000000,129,Sony Pictures,1131927996,390532085,Action,Adventure,Sci-Fi,1
2019,5,6.9,PG-13,Captain Marvel,175000000,123,Walt Disney ,1128274794,426829839,Action,Adventure,Sci-Fi,1
2019,6,7.9,G,Toy Story 4,200000000,100,Walt Disney ,1073394593,434038008,Animation,Adventure,Comedy,0
2019,7,8.6,R,Joker,55000000,122,Warner Bros.,1071030470,334830470,Crime,Drama,Thriller,0
2019,8,7,PG,Aladdin,183000000,128,Walt Disney ,1050693953,355559216,Adventure,Family,Fantasy,0
2019,9,6.9,PG-13,Star Wars: Episode IX - The Rise of Skywalker,200000000,142,Walt Disney ,1048859152,503458989,Action,Adventure,Fantasy,0
2019,10,6.5,PG-13,Fast & Furious Presents: Hobbs & Shaw,200000000,137,Universal Pictures,758910100,173810100,Action,Adventure,,0
2018,1,8.5,PG-13,Avengers: Infinity War,321000000,149,Walt Disney ,2048359754,678815482,Action,Adventure,Sci-Fi,1
2018,2,7.3,PG-13,Black Panther,200000000,134,Walt Disney ,1346913161,700059566,Action,Adventure,Sci-Fi,1
2018,3,6.2,PG-13,Jurassic World: Fallen Kingdom,170000000,128,Universal Pictures,1308467944,417719760,Action,Adventure,Sci-Fi,0
2018,4,7.7,PG,Incredibles 2,200000000,118,Walt Disney ,1242805359,608581744,Animation,Action,Adventure,0
2018,5,7,PG-13,Aquaman,160000000,143,Warner Bros.,1148161807,335061807,Action,Adventure,Fantasy,0
2018,6,8,PG-13,Bohemian Rhapsody,52000000,134,Twentieth Century Fox,903655259,216428042,Biography,Drama,Music,0
2018,7,6.7,PG-13,Venom,100000000,112,Sony Pictures,856085151,213515506,Action,Sci-Fi,Thriller,1
2018,8,7.8,PG-13,Mission: Impossible - Fallout,178000000,147,Paramount Pictures,791115104,220159104,Action,Adventure,Thriller,0
2018,9,7.7,R,Deadpool 2,110000000,119,Twentieth Century Fox,734546611,318491426,Action,Adventure,Comedy,1
2018,10,6.6,PG-13,Fantastic Beasts: The Crimes of Grindelwald,200000000,134,Warner Bros.,653755901,159555901,Adventure,Family,Fantasy,0
2017,1,7,PG-13,Star Wars: Episode VIII - The Last Jedi,317000000,152,Walt Disney ,1332539889,620181382,Action,Adventure,Fantasy,0
2017,2,7.1,PG,Beauty and the Beast,160000000,129,Walt Disney ,1263521126,504014165,Family,Fantasy,Musical,0
2017,3,6.7,PG-13,The Fate of the Furious,250000000,136,Universal Pictures,1236005118,226008385,Action,Adventure,Thriller,0
2017,4,6.3,PG,Despicable Me 3,80000000,89,Universal Pictures,1034799409,264624300,Animation,Adventure,Comedy,0
2017,5,6.9,PG-13,Jumanji: Welcome to the Jungle,90000000,119,Sony Pictures,962077546,404515480,Action,Adventure,Comedy,0
2017,6,7.4,PG-13,Spider-Man: Homecoming,175000000,133,Sony Pictures,880166924,334201140,Action,Adventure,Sci-Fi,1
2017,7,6,,Wolf Warrior 2,30100000,123,The H Collective,870325439,2721100,Action,Drama,Thriller,0
2017,8,7.6,PG-13,Guardians of the Galaxy Vol. 2,200000000,136,Walt Disney ,863756051,389813101,Action,Adventure,Comedy,1
2017,9,7.9,PG-13,Thor: Ragnarok,180000000,130,Walt Disney ,853977126,315058289,Action,Adventure,Comedy,1
2017,10,7.4,PG-13,Wonder Woman,149000000,141,Warner Bros.,821847012,412563408,Action,Adventure,Fantasy,0
2016,1,7.8,PG-13,Captain America: Civil War,250000000,147,Walt Disney ,1153296293,408084349,Action,Adventure,Sci-Fi,1
2016,2,7.8,PG-13,Rogue One: A Star Wars Story,200000000,133,Walt Disney ,1056057273,532177324,Action,Adventure,Sci-Fi,0
2016,3,7.3,PG,Finding Dory,200000000,97,Walt Disney ,1028570889,486295561,Animation,Adventure,Comedy,0
2016,4,8,PG,Zootopia,150000000,108,Walt Disney ,1023784195,341268248,Animation,Adventure,Comedy,0
2016,5,7.4,PG,The Jungle Book,175000000,106,Walt Disney ,966550600,364001123,Adventure,Drama,Fantasy,0
2016,6,6.5,PG,The Secret Life of Pets,75000000,87,Universal Pictures,875457937,368384330,Animation,Adventure,Comedy,0
2016,7,6.6,PG-13,Fantastic Beasts and Where to Find Them,180000000,134,Warner Bros.,814037575,234037575,Adventure,Family,Fantasy,0
2016,8,8,R,Deadpool ,58000000,108,Twentieth Century Fox,782612155,363070709,Action,Adventure,Comedy,1
2016,9,6,PG-13,Suicide Squad,175000000,123,Warner Bros.,746846894,325100054,Action,Adventure,Fantasy,0
2016,10,7.5,PG-13,Doctor Strange,165000000,115,Walt Disney ,677718395,232641920,Action,Adventure,Fantasy,1
2015,1,7.9,PG-13,Star Wars: Episode VII - The Force Awakens,245000000,138,Walt Disney ,2068223624,936662225,Action,Adventure,Sci-Fi,0
2015,2,7,PG-13,Jurassic World,150000000,124,Universal Pictures,1670400637,652270625,Action,Adventure,Sci-Fi,0
2015,3,7.2,PG-13,Furious 7,190000000,137,Universal Pictures,1515047671,353007020,Action,Adventure,Thriller,0
2015,4,7.3,PG-13,Avengers: Age of Ultron,250000000,141,Walt Disney ,1402805868,459005868,Action,Adventure,Sci-Fi,1
2015,5,6.4,PG,Minions,74000000,91,Universal Pictures,1159398397,336045770,Animation,Adventure,Comedy,0
2015,6,6.8,PG-13,Spectre,245000000,148,Sony Pictures,880674609,200074609,Action,Adventure,Thriller,0
2015,7,6.5,PG-13,Batman v Superman: Dawn of Justice,250000000,151,Warner Bros.,873634919,330360194,Action,Adventure,Sci-Fi,0
2015,8,8.2,PG,Inside Out,175000000,95,Walt Disney ,857611174,356461711,Animation,Adventure,Comedy,0
2015,9,7.4,PG-13,Mission: Impossible - Rogue Nation,150000000,131,Paramount Pictures,682714267,195042377,Action,Adventure,Thriller,0
2015,10,6.5,PG-13,The Hunger Games: Mockingjay - Part 2,160000000,137,Lionsgate,658344137,281723902,Action,Adventure,Sci-Fi,0
2014,1,5.6,PG-13,Transformers: Age of Extinction,210000000,165,Paramount Pictures,1104054072,245439076,Action,Adventure,Sci-Fi,0
2014,2,7.4,PG-13,The Hobbit: The Battle of the Five Armies,250000000,144,Warner Bros.,956019788,255119788,Adventure,Fantasy,,0
2014,3,8,PG-13,Guardians of the Galaxy,170000000,121,Walt Disney ,772776600,333176600,Action,Adventure,Comedy,1
2014,4,7,PG,Maleficent,180000000,97,Walt Disney ,758410378,241410378,Action,Adventure,Fantasy,0
2014,5,6.6,PG-13,The Hunger Games: Mockingjay - Part 1,125000000,123,Lionsgate,755356711,337135885,Action,Adventure,Sci-Fi,0
2014,6,8,PG-13,X-Men: Days of Future Past,200000000,132,Twentieth Century Fox,746045700,233921534,Action,Adventure,Sci-Fi,1
2014,7,7.7,PG-13,Captain America: The Winter Soldier,170000000,136,Walt Disney ,714421503,259766572,Action,Adventure,Sci-Fi,1
2014,8,7.6,PG-13,Dawn of the Planet of the Apes,170000000,130,Twentieth Century Fox,710644566,208545589,Action,Adventure,Drama,0
2014,9,6.6,PG-13,The Amazing Spider-Man 2,200000000,142,Sony Pictures,708982323,202853933,Action,Adventure,Sci-Fi,1
2014,10,8.6,PG-13,Interstellar,165000000,169,Paramount Pictures,677463813,188020017,Adventure,Drama,Sci-Fi,0
2013,1,7.5,PG,Frozen ,150000000,102,Walt Disney ,1280802282,400738009,Animation,Adventure,Comedy,0
2013,2,7.2,PG-13,Iron Man 3,200000000,130,Walt Disney ,1214811252,409013994,Action,Adventure,Sci-Fi,1
2013,3,7.3,PG,Despicable Me 2,76000000,98,Universal Pictures,970766005,368065385,Animation,Adventure,Comedy,0
2013,4,7.8,PG-13,The Hobbit: The Desolation of Smaug,225000000,161,Warner Bros.,958366855,258366855,Adventure,Fantasy,,0
2013,5,7.5,PG-13,The Hunger Games: Catching Fire,130000000,146,Lionsgate,865011746,424668047,Action,Adventure,Sci-Fi,0
2013,6,7.1,PG-13,Fast & Furious 6,160000000,130,Universal Pictures,788679850,238679850,Action,Adventure,Thriller,0
2013,7,7.3,G,Monsters University,200000000,104,Walt Disney ,743559607,268492764,Animation,Adventure,Comedy,0
2013,8,7.7,PG-13,Gravity,100000000,91,Warner Bros.,723192705,274092705,Drama,Sci-Fi,Thriller,0
2013,9,7.1,PG-13,Man of Steel,225000000,143,Warner Bros.,668045518,291045518,Action,Adventure,Sci-Fi,0
2013,10,6.9,PG-13,Thor: The Dark World,170000000,112,Walt Disney ,644783140,206362140,Action,Adventure,Fantasy,1
2012,1,8,PG-13,The Avengers,220000000,143,Walt Disney ,1518812988,623357910,Action,Adventure,Sci-Fi,1
2012,2,7.7,PG-13,Skyfall,200000000,143,Sony Pictures,1108561013,304360277,Action,Adventure,Thriller,0
2012,3,8.4,PG-13,The Dark Knight Rises,250000000,164,Warner Bros.,1081041287,448139099,Action,Adventure,Thriller,0
2012,4,7.8,PG-13,The Hobbit: An Unexpected Journey,180000000,169,Warner Bros.,1017003568,303003568,Adventure,Family,Fantasy,0
2012,5,6.6,PG,Ice Age: Continental Drift,95000000,88,Twentieth Century Fox,877244782,161321843,Animation,Adventure,Comedy,0
2012,6,5.5,PG-13,The Twilight Saga: Breaking Dawn - Part 2,120000000,115,Lionsgate,829746820,292324737,Adventure,Drama,Fantasy,0
2012,7,6.9,PG-13,The Amazing Spider-Man,230000000,136,Sony Pictures,757930663,262030663,Action,Sci-Fi,,1
2012,8,6.8,PG,Madagascar 3: Europe's Most Wanted,145000000,93,DreamWorks,746921274,216391482,Animation,Adventure,Comedy,0
2012,9,7.2,PG-13,The Hunger Games,78000000,142,Lionsgate,694394724,408010692,Action,Adventure,Sci-Fi,0
2012,10,6.8,PG-13,Men in Black 3,225000000,106,Sony Pictures,624026776,179020854,Action,Adventure,Comedy,0
2011,1,8.1,PG-13,Harry Potter and the Deathly Hallows: Part 2,125000000,130,Warner Bros.,1341511219,381011219,Adventure,Drama,Fantasy,0
2011,2,6.2,PG-13,Transformers: Dark of the Moon,195000000,154,Paramount Pictures,1123794079,352390543,Action,Adventure,Sci-Fi,0
2011,3,6.6,PG-13,Pirates of the Caribbean: On Stranger Tides,250000000,136,Walt Disney ,1045713802,241071802,Action,Adventure,Fantasy,0
2011,4,4.9,PG-13,The Twilight Saga: Breaking Dawn - Part 1,110000000,117,Summit Entertainment,712205856,281287133,Action,Adventure,Drama,0
2011,5,7.4,PG-13,Mission: Impossible - Ghost Protocol,145000000,132,Paramount Pictures,694713380,209397903,Action,Adventure,Thriller,0
2011,6,7.2,PG,Kung Fu Panda 2,150000000,90,DreamWorks,665692281,165249063,Animation,Action,Adventure,0
2011,7,7.3,PG-13,Fast Five,125000000,130,Universal Pictures,626137675,209837675,Action,Adventure,Thriller,0
2011,8,6.4,R,The Hangover Part II,80000000,102,Warner Bros.,586764305,254464305,Comedy,,,0
2011,9,5.4,PG,The Smurfs,110000000,103,Sony Pictures,563749323,142614158,Adventure,Comedy,Family,0
2011,10,6.1,G,Cars 2,200000000,106,Walt Disney ,559852396,191452396,Animation,Adventure,Comedy,0
2010,1,8.3,G,Toy Story 3,200000000,103,Walt Disney ,1066969703,415004880,Animation,Adventure,Comedy,0
2010,2,6.4,PG,Alice in Wonderland,200000000,108,Walt Disney ,1025467110,334191110,Adventure,Family,Fantasy,0
2010,3,7.7,PG-13,Harry Potter and the Deathly Hallows: Part 1,125000000,146,Warner Bros.,976536918,295983305,Adventure,Family,Fantasy,0
2010,4,8.8,PG-13,Inception,160000000,148,Warner Bros.,828322032,292576195,Action,Adventure,Sci-Fi,0
2010,5,6.3,PG,Shrek Forever After,165000000,93,DreamWorks,752600867,238736787,Animation,Adventure,Comedy,0
2010,6,5,PG-13,The Twilight Saga: Eclipse,68000000,124,Summit Entertainment,698491347,300531751,Action,Drama,Fantasy,0
2010,7,7,PG-13,Iron Man 2,200000000,124,Paramount Pictures,623933331,312433331,Action,Adventure,Sci-Fi,1
2010,8,7.7,PG,Tangled,260000000,100,Walt Disney ,593171580,200821936,Animation,Adventure,Comedy,0
2010,9,7.6,PG,Despicable Me,69000000,95,Universal Pictures,543113985,251513985,Animation,Comedy,Family,0
2010,10,8.1,PG,How to Train Your Dragon,165000000,98,DreamWorks,494878759,217581231,Animation,Action,Adventure,0
2009,1,7.8,PG-13,Avatar,237000000,162,Twentieth Century Fox,2744336793,749766139,Action,Adventure,Fantasy,0
2009,2,7.6,PG,Harry Potter and the Half-Blood Prince,250000000,153,Warner Bros.,933959197,301959197,Action,Adventure,Family,0
2009,3,6.9,PG,Ice Age: Dawn of the Dinosaurs,90000000,94,Twentieth Century Fox,886686817,196573705,Animation,Adventure,Comedy,0
2009,4,6,PG-13,Transformers: Revenge of the Fallen,200000000,150,DreamWorks,836303693,402111870,Action,Adventure,Sci-Fi,0
2009,5,5.8,PG-13,2012,200000000,158,Sony Pictures,769679473,166112167,Action,Adventure,Sci-Fi,0
2009,6,8.2,PG,Up,175000000,96,Walt Disney ,735099082,293004164,Animation,Adventure,Comedy,0
2009,7,4.7,PG-13,The Twilight Saga: New Moon,50000000,130,Summit Entertainment,709827462,296623634,Adventure,Drama,Fantasy,0
2009,8,7.6,PG-13,Sherlock Holmes,90000000,128,Warner Bros.,524028679,209028679,Action,Adventure,Crime,0
2009,9,6.7,PG-13,Angels & Demons,150000000,138,Sony Pictures,485930816,133375846,Action,Mystery,Thriller,0
2009,10,7.7,R,The Hangover ,35000000,100,Warner Bros.,468812793,277322503,Comedy,,,0
2008,1,9,PG-13,The Dark Knight,185000000,152,Warner Bros.,1003045358,533345358,Action,Crime,Drama,0
2008,2,6.1,PG-13,Indiana Jones and the Kingdom of the Crystal Skull,185000000,122,Paramount Pictures,790653942,317101119,Action,Adventure,,0
2008,3,7.5,PG,Kung Fu Panda,130000000,92,DreamWorks,631744560,215434591,Animation,Action,Adventure,0
2008,4,6.4,PG-13,Hancock,150000000,92,Sony Pictures,629443428,227946274,Action,Fantasy,,0
2008,5,6.4,PG-13,Mamma Mia!,52000000,108,Universal Pictures,609841637,144130063,Comedy,Musical,Romance,0
2008,6,6.6,PG,Madagascar: Escape 2 Africa,150000000,89,DreamWorks,603900354,180010950,Animation,Adventure,Comedy,0
2008,7,6.6,PG-13,Quantum of Solace,200000000,106,Sony Pictures,589580482,168368427,Action,Adventure,Thriller,0
2008,8,7.9,PG-13,Iron Man ,140000000,126,Paramount Pictures,585366247,318604126,Action,Adventure,Sci-Fi,1
2008,9,8.4,G,WALL·E,180000000,98,Walt Disney ,521311860,223808164,Animation,Adventure,Family,0
2008,10,6.5,PG,The Chronicles of Narnia: Prince Caspian,225000000,150,Walt Disney ,419665568,141621490,Action,Adventure,Family,0
2007,1,7.1,PG-13,Pirates of the Caribbean: At World's End,300000000,169,Walt Disney ,960996492,309420425,Action,Adventure,Fantasy,0
2007,2,7.5,PG-13,Harry Potter and the Order of the Phoenix,150000000,138,Warner Bros.,941676843,292004738,Action,Adventure,Family,0
2007,3,6.2,PG-13,Spider-Man 3,258000000,139,Sony Pictures,894983373,336530303,Action,Sci-Fi,,1
2007,4,6,PG,Shrek the Third,160000000,93,DreamWorks,813367380,322719944,Animation,Adventure,Comedy,0
2007,5,7,PG-13,Transformers,150000000,144,DreamWorks,709709780,319246193,Action,Adventure,Sci-Fi,0
2007,6,8,G,Ratatouille,150000000,111,Walt Disney ,623726085,206445654,Animation,Adventure,Comedy,0
2007,7,7.2,PG-13,I Am Legend,150000000,101,Warner Bros.,585410052,256393010,Adventure,Drama,Sci-Fi,0
2007,8,7.3,PG-13,The Simpsons Movie,75000000,87,Twentieth Century Fox,536414270,183135014,Animation,Adventure,Comedy,0
2007,9,6.5,PG,National Treasure: Book of Secrets,130000000,124,Walt Disney ,459242249,219964115,Action,Adventure,Mystery,0
2007,10,7.6,R,300,65000000,117,Warner Bros.,456068181,210614939,Action,Drama,,0
2006,1,7.3,PG-13,Pirates of the Caribbean: Dead Man's Chest,225000000,151,Walt Disney ,1066179725,423315812,Action,Adventure,Fantasy,0
2006,2,6.6,PG-13,The Da Vinci Code,125000000,149,Sony Pictures,760006945,217536138,Action,Mystery,Thriller,0
2006,3,6.8,PG,Ice Age: The Meltdown,80000000,91,Twentieth Century Fox,660998756,195330621,Animation,Adventure,Comedy,0
2006,4,8,PG-13,Casino Royale,150000000,144,Sony Pictures,606099584,167445960,Action,Adventure,Thriller,0
2006,5,6.4,PG,Night at the Museum,110000000,108,Twentieth Century Fox,574480841,250863268,Adventure,Comedy,Family,0
2006,6,7.1,G,Cars,120000000,117,Walt Disney ,461983149,244082982,Animation,Comedy,Family,0
2006,7,6.7,PG-13,X-Men: The Last Stand,210000000,104,Twentieth Century Fox,460435291,234362462,Action,Sci-Fi,,1
2006,8,6.9,PG-13,Mission: Impossible III,150000000,126,Paramount Pictures,398479497,134029801,Action,Adventure,Thriller,0
2006,9,6,PG-13,Superman Returns,270000000,154,Warner Bros.,391081192,200081192,Action,Sci-Fi,,0
2006,10,6.4,PG,Happy Feet,100000000,108,Warner Bros.,384335608,198000317,Animation,Adventure,Comedy,0
2005,1,7.7,PG-13,Harry Potter and the Goblet of Fire,150000000,157,Warner Bros.,895921036,290013036,Adventure,Family,Fantasy,0
2005,2,7.5,PG-13,Star Wars: Episode III - Revenge of the Sith,113000000,140,Twentieth Century Fox,868352530,380270577,Action,Adventure,Fantasy,0
2005,3,6.9,PG,"The Chronicles of Narnia: The Lion, the Witch and the Wardrobe",180000000,143,Walt Disney ,745013115,291710957,Adventure,Family,Fantasy,0
2005,4,6.5,PG-13,War of the Worlds,132000000,116,Paramount Pictures,603873119,234280354,Adventure,Sci-Fi,Thriller,0
2005,5,7.2,PG-13,King Kong,207000000,187,Universal Pictures,562363449,218080025,Action,Adventure,Drama,0
2005,6,6.9,PG,Madagascar,75000000,86,DreamWorks,542063846,193595521,Animation,Adventure,Comedy,0
2005,7,6.5,PG-13,Mr. & Mrs. Smith,110000000,120,Twentieth Century Fox,487287646,186336279,Action,Comedy,Crime,0
2005,8,6.6,PG,Charlie and the Chocolate Factory,150000000,115,Warner Bros.,474968763,206459076,Adventure,Comedy,Family,0
2005,9,8.2,PG-13,Batman Begins,150000000,140,Warner Bros.,371853783,205343774,Action,Adventure,Fantasy,0
2005,10,6.6,PG-13,Hitch,70000000,118,Sony Pictures,371594210,179495555,Comedy,Romance,,0
2004,1,7.2,PG,Shrek 2,150000000,93,DreamWorks,928760770,441226247,Animation,Adventure,Comedy,0
2004,2,7.9,PG,Harry Potter and the Prisoner of Azkaban,130000000,142,Warner Bros.,795634069,249541069,Adventure,Family,Fantasy,0
2004,3,7.3,PG-13,Spider-Man 2,200000000,127,Sony Pictures,788976453,373585825,Action,Adventure,Sci-Fi,1
2004,4,8,PG,The Incredibles,92000000,115,Walt Disney ,631442092,261441092,Animation,Action,Adventure,0
2004,5,7.1,R,The Passion of the Christ,30000000,127,Icon Productions,611486736,370274604,Drama,,,0
2004,6,6.4,PG-13,The Day After Tomorrow,125000000,124,Twentieth Century Fox,552639571,186740799,Action,Adventure,Sci-Fi,0
2004,7,6.3,PG-13,Meet the Fockers,80000000,115,Universal Pictures,522657936,279261160,Comedy,romance,,0
2004,8,7.2,R,Troy,175000000,163,Warner Bros.,497409852,133378256,Drama,History,,0
2004,9,6,PG,Shark Tale,75000000,90,DreamWorks,374583879,160861908,Animation,Adventure,Comedy,0
2004,10,6.5,PG-13,Ocean's Twelve,110000000,125,Warner Bros.,362744280,125544280,Crime,Thriller,,0
2003,1,8.9,PG-13,The Lord of the Rings: The Return of the King,94000000,201,New Line Cinema,1140682011,377027325,Adventure,Drama,Fantasy,0
2003,2,8.1,G,Finding Nemo,94000000,100,Walt Disney ,871014978,339714978,Animation,Adventure,Comedy,0
2003,3,7.2,R,The Matrix Reloaded,150000000,138,Warner Bros.,739412035,281576461,Action,Sci-Fi,,0
2003,4,8,PG-13,Pirates of the Caribbean: The Curse of the Black Pearl,140000000,143,Walt Disney ,654264015,305413918,Action,Adventure,Fantasy,0
2003,5,6.7,PG-13,Bruce Almighty,81000000,101,Universal Pictures,484592874,242829261,Comedy,Drama,Fantasy,0
2003,6,7.7,R,The Last Samurai,140000000,154,Warner Bros.,454627263,111127263,Action,Drama,War,0
2003,7,6.3,R,Terminator 3: Rise of the Machines,200000000,109,Warner Bros.,433371112,150371112,Action,Sci-Fi,,0
2003,8,6.7,R,The Matrix Revolutions,150000000,129,Warner Bros.,427343298,139313948,Action,Sci-Fi,,0
2003,9,7.4,PG-13,X2: X-Men United,110000000,134,Twentieth Century Fox,407711549,214949694,Action,Sci-Fi,Thriller,1
2003,10,6.6,R,Bad Boys II,130000000,147,Sony Pictures,273339556,138608444,Action,Comedy,Crime,0
2002,1,8.7,PG-13,The Lord of the Rings: The Two Towers,94000000,179,New Line Cinema,936689735,339789881,Adventure,Drama,Fantasy,0
2002,2,7.4,PG,Harry Potter and the Chamber of Secrets,100000000,161,Warner Bros.,878979634,261988482,Adventure,Family,Fantasy,0
2002,3,7.3,PG-13,Spider-Man,139000000,121,Sony Pictures,821708551,403706375,Action,Adventure,Sci-Fi,1
2002,4,6.5,PG,Star Wars: Episode II - Attack of the Clones,115000000,142,Twentieth Century Fox,645256452,302191252,Action,Adventure,Fantasy,0
2002,5,6.2,PG-13,Men in Black II,140000000,88,Sony Pictures,441818803,190418803,Action,Adventure,Comedy,0
2002,6,6.1,PG-13,Die Another Day,142000000,133,Metro-Goldwyn-Mayer,431971116,160942139,Action,Adventure,Thriller,0
2002,7,6.7,PG-13,Signs,72000000,106,Walt Disney ,408247917,227966634,Drama,Mystery,Sci-Fi,0
2002,8,7.5,PG,Ice Age,59000000,81,Twentieth Century Fox,383257136,176387405,Animation,Adventure,Comedy,0
2002,9,6.5,PG,My Big Fat Greek Wedding,5000000,95,IFC Films,368744044,241438208,Comedy,Drama,Romance,0
2002,10,7.6,PG-13,Minority Report,102000000,145,Twentieth Century Fox,358372926,132072926,Action,Crime,Mystery,0
2001,1,7.6,PG,Harry Potter and the Sorcerer's Stone,125000000,152,Warner Bros.,974755371,317575550,Adventure,Family,Fantasy,0
2001,2,8.8,PG-13,The Lord of the Rings: The Fellowship of the Ring,93000000,178,New Line Cinema,883726270,313364114,Adventure,Drama,Fantasy,0
2001,3,8,G,"Monsters, Inc.",115000000,92,Walt Disney ,528773250,255873250,Animation,Adventure,Comedy,0
2001,4,7.8,PG,Shrek,60000000,90,DreamWorks,484409218,267665011,Animation,Adventure,Comedy,0
2001,5,7.8,PG-13,Ocean's Eleven,85000000,116,Warner Bros.,450717150,183417150,Crime,Thriller,,0
2001,6,6.2,PG-13,Pearl Harbor,140000000,183,Walt Disney ,449220945,198542554,Action,Drama,History,0
2001,7,6.3,PG-13,The Mummy Returns,98000000,130,Universal Pictures,433013274,202019785,Action,Adventure,Fantasy,0
2001,8,5.9,PG-13,Jurassic Park III,93000000,92,Universal Pictures,368780809,181171875,Action,Adventure,Sci-Fi,0
2001,9,5.7,PG-13,Planet of the Apes,100000000,119,Twentieth Century Fox,362211740,180011740,Action,Adventure,Sci-Fi,0
2001,10,6.8,R,Hannibal,87000000,131,Metro-Goldwyn-Mayer,351692268,165092268,Crime,Drama,Thriller,0
2000,1,6.1,PG-13,Mission: Impossible II,125000000,123,Paramount Pictures,546388105,215409889,Action,Adventure,Thriller,0
2000,2,8.5,R,Gladiator,103000000,155,DreamWorks,460583960,187705427,Action,Adventure,Drama,0
2000,3,7.8,PG-13,Cast Away,90000000,143,Twentieth Century Fox,429632142,233632142,Adventure,Drama,Romance,0
2000,4,6.4,PG-13,What Women Want,70000000,127,Paramount Pictures,374111707,182811707,Comedy,Fantasy,Romance,0
2000,5,6.5,PG,Dinosaur,127500000,82,Walt Disney ,349822765,137748063,Animation,Adventure,Family,0
2000,6,6.1,PG,How the Grinch Stole Christmas,123000000,104,Universal Pictures,345141403,260044825,Comedy,Family,Fantasy,0
2000,7,7,PG-13,Meet the Parents,55000000,108,Universal Pictures,330444045,166244045,Comedy,romance,,0
2000,8,6.4,PG-13,The Perfect Storm,140000000,130,Warner Bros.,328718434,182618434,Action,Adventure,Drama,0
2000,9,7.4,PG-13,X-Men,75000000,104,Twentieth Century Fox,296339528,157299718,Action,Adventure,Sci-Fi,1
2000,10,6.6,PG-13,What Lies Beneath,100000000,130,DreamWorks,291420351,155464351,Drama,Fantasy,Horror,0
1999,1,6.5,PG,Star Wars: Episode I - The Phantom Menace,115000000,136,Twentieth Century Fox,924305084,431088295,Action,Adventure,Fantasy,0
1999,2,8.1,PG-13,The Sixth Sense,40000000,107,Walt Disney ,672806292,293506292,Drama,Mystery,Thriller,0
1999,3,7.9,G,Toy Story 2,90000000,92,Walt Disney ,487059677,245852179,Animation,Adventure,Comedy,0
1999,4,8.7,R,The Matrix,63000000,136,Warner Bros.,463517383,171479930,Action,Sci-Fi,,0
1999,5,7.3,G,Tarzan,130000000,88,Walt Disney ,448191819,171091819,Animation,Adventure,Family,0
1999,6,7,PG-13,The Mummy,80000000,124,Universal Pictures,415933406,155385488,Action,Adventure,Fantasy,0
1999,7,7.1,PG-13,Notting Hill,42000000,124,Universal Pictures,363889678,116089678,Comedy,Drama,Romance,0
1999,8,6.4,PG-13,The World is Not Enough,135000000,128,Metro-Goldwyn-Mayer,361832400,126943684,Action,Adventure,Thriller,0
1999,9,8.3,R,American Beauty,15000000,122,DreamWorks,356296601,130096601,Drama,,,0
1999,10,6.6,PG-13,Austin Powers: The Spy Who Shagged Me,33000000,95,New Line Cinema,312016858,206040086,Action,Adventure,Comedy,0
1998,1,6.7,PG-13,Armageddon,140000000,151,Walt Disney ,553709788,201578182,Action,Adventure,Sci-Fi,0
1998,2,8.6,R,Saving Private Ryan,70000000,169,DreamWorks,481840909,216540909,Drama,War,,0
1998,3,5.4,PG-13,Godzilla,130000000,139,Sony Pictures,379014294,136314294,Action,Sci-Fi,Thriller,0
1998,4,7.1,R,There's Something About Mary,23000000,119,Twentieth Century Fox,369884651,176484651,Comedy,Romance,,0
1998,5,7.2,G,A Bug's Life,120000000,95,Walt Disney ,363258859,162798565,Animation,Adventure,Comedy,0
1998,6,6.2,PG-13,Deep Impact,75000000,120,Paramount Pictures,349464664,140464664,Action,Drama,Romance,0
1998,7,7.6,G,Mulan,90000000,88,Walt Disney ,304320254,120620254,Animation,Adventure,Family,0
1998,8,5.4,PG-13,Doctor Dolittle,71500000,85,Twentieth Century Fox,294456605,144156605,Comedy,Family,Fantasy,0
1998,9,7.1,R,Shakespeare in Love,25000000,123,Miramax,289317794,100317794,Comedy,Drama,History,0
1998,10,6.6,R,Lethal Weapon 4,140000000,127,Warner Bros.,285444603,130444603,Action,Crime,Thriller,0
1997,1,7.8,PG-13,Titanic,200000000,194,Paramount Pictures,1850197130,600788188,Drama,Romance,,0
1997,2,6.6,PG-13,The Lost World: Jurassic Park,73000000,129,Universal Pictures,618638999,229086679,Action,Adventure,Sci-Fi,0
1997,3,7.3,PG-13,Men in Black,90000000,98,Sony Pictures,589390539,250690539,Action,Adventure,Comedy,0
1997,4,6.5,PG-13,Tomorrow Never Dies,110000000,119,Metro-Goldwyn-Mayer,333011068,125304276,Action,Adventure,Thriller,0
1997,5,6.5,R,Air Force One,85000000,124,Sony Pictures,315156409,172956409,Action,Drama,Thriller,0
1997,6,7.7,PG-13,As Good As It Gets,50000000,139,Sony Pictures,314178011,148478011,Comedy,Drama,Romance,0
1997,7,6.9,PG-13,Liar Liar,45000000,86,Universal Pictures,302710615,181410615,Comedy,Fantasy,,0
1997,8,6.3,PG-13,My Best Friend's Wedding,38000000,105,Sony Pictures,299288605,127120029,Comedy,Drama,Romance,0
1997,9,7.7,PG-13,The Fifth Element,93000000,126,Sony Pictures,263920180,63820180,Action,Adventure,Sci-Fi,0
1997,10,7.2,R,The Full Monty,3500000,91,Fox Searchlight Pictures,257938649,45950122,Comedy,Drama,,0
1996,1,7,PG-13,Independence Day,75000000,145,Twentieth Century Fox,817400891,306169268,Action,Adventure,Sci-Fi,0
1996,2,6.4,PG-13,Twister,92000000,113,Warner Bros.,494471524,241721524,Action,Adventure,Thriller,0
1996,3,7.1,PG-13,Mission: Impossible,80000000,110,Paramount Pictures,457696359,180981856,Action,Adventure,Thriller,0
1996,4,7.4,R,The Rock,75000000,136,Walt Disney ,335062621,134069511,Action,Adventure,Thriller,0
1996,5,6.9,G,The Hunchback of Notre Dame,100000000,91,Walt Disney ,325338851,100138851,Animation,Drama,Family,0
1996,6,5.7,G,101 Dalmatians,75000000,103,Walt Disney ,320689294,136189294,Adventure,Comedy,Crime,0
1996,7,6.6,R,Ransom,80000000,121,Walt Disney ,309492681,136492681,Action,Crime,Thriller,0
1996,8,5.6,PG-13,The Nutty Professor,54000000,95,Universal Pictures,273961019,128814019,Comedy,Romance,Sci-Fi,0
1996,9,7.3,R,Jerry Maguire,50000000,139,Sony Pictures,273552592,153952592,Comedy,Drama,Romance,0
1996,10,6.1,R,Eraser,100000000,115,Warner Bros.,242295562,101295562,Action,Drama,Thriller,0
1995,1,7.6,R,Die Hard with a Vengeance,90000000,128,Twentieth Century Fox,366101666,100012499,Action,Adventure,Thriller,0
1995,2,8.3,G,Toy Story,30000000,81,Walt Disney ,363007140,191796233,Animation,Adventure,Comedy,0
1995,3,7.6,PG,Apollo 13,52000000,140,Universal Pictures,353148882,172071312,Adventure,Drama,History,0
1995,4,7.2,PG-13,GoldenEye,60000000,140,Metro-Goldwyn-Mayer,352194034,106429941,Action,Adventure,Thriller,0
1995,5,6.7,G,Pocahontas,55000000,81,Walt Disney ,346079773,141579773,Animation,Adventure,Drama,0
1995,6,5.4,PG-13,Batman Forever,100000000,121,Warner Bros.,336529144,184031112,Action,Adventure,Fantasy,0
1995,7,8.6,R,Se7en,33000000,127,New Line Cinema,327311859,100125643,Crime,Drama,Mystery,0
1995,8,6.1,PG,Casper,50000000,100,Universal Pictures,287928194,100328194,Comedy,Family,Fantasy,0
1995,9,6.2,PG-13,Waterworld,175000000,135,Universal Pictures,264218220,88246220,Action,Adventure,Sci-Fi,0
1995,10,7,PG,Jumanji,65000000,104,Sony Pictures,262797249,100475249,Adventure,Comedy,Family,0
1994,1,8.5,G,The Lion King,45000000,88,Walt Disney ,763455561,312855561,Animation,Adventure,Drama,0
1994,2,8.8,PG-13,Forrest Gump,55000000,142,Paramount Pictures,677387716,329694499,Drama,Romance,,0
1994,3,7.2,R,True Lies,115000000,141,Twentieth Century Fox,378882411,146282411,Action,Comedy,Thriller,0
1994,4,6.9,PG-13,The Mask,23000000,101,New Line Cinema,351583407,119938730,Comedy,Crime,Fantasy,0
1994,5,7.2,R,Speed,30000000,116,Twentieth Century Fox,350448145,121248145,Action,Adventure,Thriller,0
1994,6,4.9,PG,The Flintstones,46000000,91,Universal Pictures,341631208,130531208,Comedy,Family,Fantasy,0
1994,7,7.3,PG-13,Dumb and Dumber,17000000,107,New Line Cinema,247275374,127175374,Comedy,,,0
1994,8,7,R,Four Weddings and a Funeral,4400000,117,Rank Film Distributors,245700832,52700832,Comedy,Drama,Romance,0
1994,9,7.6,R,Interview with the Vampire: The Vampire Chronicles,60000000,123,Warner Bros.,223664608,105264608,Drama,Horror,,0
1994,10,6.9,PG-13,Clear and Present Danger,62000000,141,Paramount Pictures,215887717,122187717,Action,Crime,Drama,0
1993,1,8.1,PG-13,Jurassic Park ,63000000,127,Universal Pictures,912667947,357067947,Action,Adventure,Sci-Fi,0
1993,2,7,PG-13,Mrs. Doubtfire,25000000,125,Twentieth Century Fox,441286195,219195243,Comedy,Drama,Family,0
1993,3,7.8,PG-13,The Fugitive,44000000,130,Warner Bros.,368875760,183875760,Action,Crime,Drama,0
1993,4,8.9,R,Schindler's List,22000000,195,Universal Pictures,321306305,96065768,Biography,Drama,History,0
1993,5,6.8,R,The Firm,42000000,154,Paramount Pictures,270248367,158348367,Drama,Mystery,Thriller,0
1993,6,5.9,R,Indecent Proposal,38000000,117,Paramount Pictures,266614059,106614059,Drama,Romance,,0
1993,7,6.4,R,Cliffhanger,70000000,113,TriStar Pictures,255000211,84049211,Action,Adventure,Thriller,0
1993,8,6.8,PG,Sleepless in Seattle,21000000,105,TriStar Pictures,227799884,126680884,Comedy,Drama,Romance,0
1993,9,7.7,PG-13,Philadelphia,26000000,125,TriStar Pictures,206678440,77446440,Drama,,,0
1993,10,6.6,PG-13,The Pelican Brief,45000000,141,Warner Bros.,195268056,100768056,Crime,Drama,Mystery,0
1992,1,8,G,Aladdin,28000000,90,Walt Disney ,504050219,217350219,Animation,Adventure,Comedy,0
1992,2,6.3,R,The Bodyguard,25000000,129,Warner Bros.,410945720,121945720,Action,Drama,Music,0
1992,3,6.7,PG,Home Alone 2: Lost in New York ,18000000,120,Twentieth Century Fox,358994850,173585516,Adventure,Comedy,Crime,0
1992,4,7,R,Basic Instinct,49000000,127,TriStar Pictures,352927224,117727224,Drama,Mystery,Thriller,0
1992,5,6.7,R,Lethal Weapon 3,35000000,118,Warner Bros.,321731527,144731527,Action,Crime,Thriller,0
1992,6,7,PG-13,Batman Returns,80000000,126,Warner Bros.,266822354,162831698,Action,Crime,Fantasy,0
1992,7,7.7,R,A  Few Good Men,41000000,138,Columbia Pictures,243240178,141340178,Drama,Thriller,,0
1992,8,6.4,PG,Sister Act,31000000,60,Walt Disney ,231605150,139605150,Comedy,Crime,Family,0
1992,9,7.4,R,Bram Stoker's Dracula,40000000,128,Columbia Pictures,215862692,82522790,Horror,,,0
1992,10,7,PG-13,Wayne's World,20000000,94,Paramount Pictures,183097323,121697323,Comedy,Music ,,0
1991,1,8.5,R,Terminator 2: Judgement Day,102000000,137,TriStar Pictures,516950043,204843345,Action,Sci-Fi,,0
1991,2,6.9,PG-13,Robin Hood: Prince of Thieves,48000000,143,Warner Bros.,390493908,165493908,Action,Adventure,Drama,0
1991,3,8,G,Beauty and the Beast,25000000,84,Walt Disney ,331907151,145863363,Animation,Family,Fantasy,0
1991,4,6.8,PG,Hook,70000000,142,TriStar Pictures,300854823,119654823,Adventure,Comedy,Family,0
1991,5,8.6,R,The Silence of the Lambs,19000000,118,Orion Pictures,272742922,130742922,Crime,Drama,Thriller,0
1991,6,8,R,JFK,40000000,189,Warner Bros.,205405498,70405498,Drama,History,Thriller,0
1991,7,6.9,PG-13,The Addams Family,30000000,99,Paramount Pictures,191502426,113502426,Comedy,Fantasy,,0
1991,8,7.3,R,Cape Fear,35000000,128,Universal Pictures,182291969,79091969,Crime,Thriller,,0
1991,9,6.8,PG-13,Hot Shots!,26000000,84,Twentieth Century Fox,181096164,69467617,Action,Comedy,,0
1991,10,6.7,PG-13,City Slickers,27000000,113,Columbia Pictures,179033791,124033791,Comedy,,,0
1990,1,7,PG-13,Ghost,22000000,127,Paramount Pictures,505702588,217631306,Drama,Fantasy,Romance,0
1990,2,7.6,PG,Home Alone ,18000000,103,Twentieth Century Fox,476684675,285761243,Comedy,Family,,0
1990,3,7,R,Pretty Woman ,14000000,119,Walt Disney ,463406268,178406268,Comedy,Romance,,0
1990,4,8,PG-13,Dances with Wolves,22000000,181,Orion Pictures,424208848,184208848,Adventure,Drama,Western,0
1990,5,7.5,R,Total Recall,65000000,113,Sony Pictures,261299840,119394840,Action,Sci-Fi,Thriller,0
1990,6,7.4,PG,Back to the Future III,40000000,118,Universal Pictures,244527583,87727583,Adventure,Comedy,Sci-Fi,0
1990,7,7.2,R,Die Hard 2,70000000,124,Twentieth Century Fox,240031094,117540947,Action,Thriller,,0
1990,8,6.9,R,Presumed Innocent,22000000,127,Warner Bros.,221303188,86303188,Mystery,Thriller,,0
1990,9,6.8,PG,Teenage Mutant Ninja Turtles,13500000,93,New Line Cinema,201965915,135265915,Action,Adventure,Comedy,0
1990,10,6.1,PG-13,Kindergarten Cop,15000000,111,Universal Pictures,201957688,91457688,Comedy,Crime,,0
1989,1,8.2,PG-13,Indiana Jones and the Last Crusade,48000000,127,Paramount Pictures,474171806,197171806,Action,Adventure,,0
1989,2,7.5,PG-13,Batman,35000000,126,Warner Bros.,411348924,251188924,Action,Adventure,,0
1989,3,7.8,PG,Back to the Future II,40000000,108,Universal Pictures,331950002,118450002,Adventure,Comedy,Sci-Fi,0
1989,4,5.9,PG-13,Look Who's Talking,7500000,93,TriStar Pictures,296999813,140088813,Comedy,,,0
1989,5,7.2,R,Lethal Weapon 2,28000000,114,Warner Bros.,227853986,147253986,Action,Crime,Thriller,0
1989,6,6.3,PG,"Honey, I Shrunk the Kids",18000000,93,Walt Disney ,222724172,130724172,Adventure,Comedy,Family,0
1989,7,6.6,PG,Ghostbusters II,37000000,108,Columbia Pictures,215394738,112494738,Action,Comedy,Fantasy,0
1989,8,7.6,G,The Little Mermaid,40000000,83,Walt Disney ,184155863,84355863,Animation,Family,Fantasy,0
1989,9,7.2,R,Born on the Fourth of July,14000000,145,Universal Pictures,161001698,70001698,Biography,Drama,War,0
1989,10,6.8,R,The War of the Roses,26000000,116,Twentieth Century Fox,160188546,86888546,Comedy,Romance,,0
1988,1,8,R,Rain Man,25000000,133,Metro-Goldwyn-Mayer,354825435,172825435,Drama,,,0
1988,2,7.7,PG,Who Framed Roger Rabbit,70000000,104,Walt Disney ,329803958,156452370,Animation,Adventure,Comedy,0
1988,3,7,R,Coming to America,39000000,116,Paramount Pictures,288752301,128152301,Comedy,Romance,,0
1988,4,5.6,PG,Crocodile Dundee II,14000000,108,Paramount Pictures,239606210,109306210,Action,Adventure,Comedy,0
1988,5,8.1,PG,Dead Poets Society,16400000,128,Walt Disney ,235860116,95860116,Comedy,Drama,,0
1988,6,6.1,PG,Twins,15000000,107,Universal Pictures,216614388,111938388,Comedy,Crime,,0
1988,7,5.8,R,Rambo III,63000000,102,TriStar Pictures,189015611,53715611,Action,Adventure,,0
1988,8,5.9,R,Cocktail,20000000,104,Walt Disney ,171504781,78222753,Comedy,Drama,Romance,0
1988,9,7.3,PG,Big,18000000,104,Twentieth Century Fox,151668774,114968774,Comedy,Drama,Fantasy,0
1988,10,8.2,R,Die Hard,28000000,132,Twentieth Century Fox,140767956,83008852,Action,Thriller,,0
1987,1,6.9,R,Fatal Attraction,14000000,119,Paramount Pictures,320145693,156645693,Drama,Thriller,,0
1987,2,6.5,R,Beverly Hills Cop II,28000000,100,Paramount Pictures,299965036,153665036,Action,Comedy,Crime,0
1987,3,7,PG-13,Dirty Dancing,6000000,100,Vestron Pictures,213446382,63446382,Drama,Music ,Romance,0
1987,4,6,PG,Three Men and a Baby,11000000,102,Walt Disney ,167780960,167780960,Comedy,Drama,Family,0
1987,5,7.3,R,"Good Morning, Vietnam",13000000,121,Walt Disney ,123922370,123922370,Biography,Comedy,Drama,0
1987,6,7.6,R,Lethal Weapon,15000000,109,Warner Bros.,120207127,65207127,Action,Crime,Thriller,0
1987,7,6.5,PG-13,The Secret of My Success,12000000,111,Universal Pictures,110996879,66995879,Comedy,Romance,,0
1987,8,7.8,R,Predator,15000000,107,Twentieth Century Fox,98267558,59735548,Action,Adventure,Sci-Fi,0
1987,9,7.1,PG,Moonstruck,15000000,102,Metro-Goldwyn-Mayer,80640528,80640528,Comedy,Drama,Romance,0
1987,10,7.9,R,The Untouchables,25000000,119,Paramount Pictures,76270454,76270454,Crime,Drama,Thriller,0
1986,1,6.9,PG,Top Gun,15000000,110,Paramount Pictures,353811728,176781728,Action,Drama,,0
1986,2,6.6,PG-13,Crocodile Dundee,8800000,97,Paramount Pictures,328203506,174803506,Action,Adventure,Comedy,0
1986,3,8.1,R,Platoon,6000000,120,Orion Pictures,138545632,138530565,Drama,War,,0
1986,4,8.3,R,Aliens,18500000,137,Twentieth Century Fox,131060248,85160248,Action,Adventure,Sci-Fi,0
1986,5,6,PG,The Karate Kid Part II,13500000,113,Columbia Pictures,115103979,115103979,Action,Family,Romance,0
1986,6,7.3,PG,Star Trek IV: Voyage Home,25000000,119,Paramount Pictures,109713132,109713132,Adventure,Comedy,Sci-Fi,0
1986,7,6,PG,Legal Eagles,40000000,116,Universal Pictures,93151591,49851591,Comedy,Crime,Romance,0
1986,8,6.6,PG-13,Back to School,11000000,96,Orion Pictures,91258000,91258000,Comedy,Romance,Sport,0
1986,9,6.9,G,An American Tail,9000000,80,Universal Pictures,84542002,47483002,Animation,Adventure,Comedy,0
1986,10,6,PG-13,The Golden Child,25000000,94,Paramount Pictures,79817937,79817937,Action,Adventure,Comedy,0
1985,1,8.5,PG,Back to the Future,19000000,116,Universal Pictures,381109762,210609762,Adventure,Comedy,Sci-Fi,0
1985,2,6.9,PG,Rocky IV,30000000,91,United Artists,300473716,127873716,Drama,Sport,,0
1985,3,6.5,R,Rambo: First Blood II,44000000,96,TriStar Pictures,300400432,150415432,Action,Adventure,Thriller,0
1985,4,7.2,PG,Out of Africa,31000000,161,Universal Pictures,227514205,87071205,Biography,Drama,Romance,0
1985,5,6.1,PG,The Jewel of the Nile,25000000,106,Twentieth Century Fox,96773200,75973200,Action,Adventure,Comedy,0
1985,6,7.8,PG-13,The Color Purple,15000000,154,Warner Bros.,94175854,94175854,Drama,,,0
1985,7,6.7,PG-13,Cocoon,17500000,117,Twentieth Century Fox,85313124,76113124,Comedy,Drama,Sci-Fi,0
1985,8,7.4,R,Witness,12000000,112,Paramount Pictures,68706993,68706993,Crime,Drama,Romance,0
1985,9,7.8,PG,The Goonies,19000000,114,Warner Bros.,61389680,61389680,Adventure,Comedy,Family,0
1985,10,7.8,PG,E.T. the Extra-Terrestrial 1985 Re-release,10500000,115,Universal Pictures,60903502,40607502,Family,Sci-Fi,,0
1984,1,7.6,PG,Indiana Jones and the Temple of Doom,28000000,118,Paramount Pictures,333107271,179870271,Action,Adventure,,0
1984,2,7.3,R,Beverly Hills Cop ,14000000,105,Paramount Pictures,316360478,234760478,Action,Comedy,Crime,0
1984,3,7.8,PG,Ghostbusters ,30000000,105,Columbia Pictures,282242989,229242989,Action,Comedy,Fantasy,0
1984,4,7.3,PG,Gremlins,11000000,106,Warner Bros.,148168459,148168459,Comedy,Fantasy,Horror,0
1984,5,7.2,PG,The Karate Kid ,8000000,126,Columbia Pictures,90815558,90815558,Action,Drama,Family,0
1984,6,6.9,PG,Romancing the Stone,10000000,106,Twentieth Century Fox,86572238,76572238,Action,Adventure,Comedy,0
1984,7,6.7,R,Police Academy,4500000,96,Warner Bros.,81198894,81198894,Comedy,,,0
1984,8,6.6,PG,Footloose,8200000,107,Paramount Pictures,80035402,80035402,Drama,Music ,Romance,0
1984,9,8,R,The Terminator,6400000,107,Orion Pictures,78371200,38371200,Action,Sci-Fi,,0
1984,10,6.7,PG,Star Trek III: The Search for Spock,17000000,105,Paramount Pictures,76471046,76471046,Action,Adventure,Sci-Fi,0
1983,1,7,PG,Star Wars: Episode VI - Return of the Jedi,32500000,131,Twentieth Century Fox,374593074,252583617,Action,Adventure,Fantasy,0
1983,2,7.4,PG,Terms of Endearment,8000000,132,Paramount Pictures,108423489,108423489,Comedy,Drama,,0
1983,3,6.2,R,Flashdance,4000000,95,Paramount Pictures,92921203,92921203,Drama,Music ,Romance,0
1983,4,7.5,R,Trading Places,15000000,116,Paramount Pictures,90404800,90404800,Comedy,,,0
1983,5,3.7,PG,Jaws 3-D,20500000,99,Universal Pictures,87987055,45517055,Adventure,Horror,Thriller,0
1983,6,7.1,PG,WarGames,12000000,114,Metro-Goldwyn-Mayer,79567667,79567667,Sci-Fi,Thriller,,0
1983,7,6.6,PG,Octopussy,27500000,131,Metro-Goldwyn-Mayer,67893619,67893619,Action,Adventure,Thriller,0
1983,8,6.6,R,Sudden Impact,22000000,117,Warner Bros.,67642693,67642693,Action,Crime,Thriller,0
1983,9,8.3,R,Scarface,25000000,170,Universal Pictures,65144798,44668798,Crime,Drama,,0
1983,10,4.6,PG,Staying Alive,22000000,93,Paramount Pictures,64892670,64892670,Drama,Music ,Romance,0
1982,1,7.8,PG,E.T. the Extra-Terrestrial  ,10500000,115,Universal Pictures,663400925,359197037,Family,Sci-Fi,,0
1982,2,7.4,PG,Tootsie,21000000,116,Columbia Pictures,177200000,177200000,Comedy,Drama,Romance,0
1982,3,7,R,An Officer and a Gentleman,7500000,124,Paramount Pictures,129795554,129795554,Drama,Romance,,0
1982,4,7.7,R,First Blood,15000000,93,Orion Pictures,125212904,47212904,Action,Adventure,,0
1982,5,6.8,PG,Rocky III,17000000,99,United Artists,124146897,124146897,Drama,Sport,,0
1982,6,7.3,PG,Poltergeist,10700000,114,Metro-Goldwyn-Mayer,123606280,76606280,Horror,Thriller,,0
1982,7,6.2,R,Porky's,2500000,94,Twentieth Century Fox,105492483,105492483,Comedy,,,0
1982,8,7.7,PG,Star Trek II: The Wrath of Khan,11200000,113,Paramount Pictures,78912963,78912963,Action,Adventure,Sci-Fi,0
1982,9,6.9,R,48 Hrs.,12000000,96,Paramount Pictures,78868508,78868508,Action,Comedy,Crime,0
1982,10,5.9,R,The Best Little Whorehouse in Texas,35000000,114,Universal Pictures,69701637,69701637,Comedy,Musical,,0
1981,1,8.4,PG,Raiders of the Lost Ark,18000000,115,Paramount Pictures,353988025,212222025,Action,Adventure,,0
1981,2,7.6,PG,On Golden Pond,7500000,109,Universal Pictures,119285432,119285432,Drama,,,0
1981,3,6.8,PG,Superman II,54000000,127,Warner Bros.,108185706,108185706,Action,Adventure,Sci-Fi,0
1981,4,6.9,PG,Arthur,7000000,97,Warner Bros.,95461682,95461682,Comedy,Romance,,0
1981,5,6.9,R,Stripes,10000000,106,Columbia Pictures,85297000,85297000,Comedy,War,,0
1981,6,6.3,PG,The Cannonball Run,18000000,95,Twentieth Century Fox,72179579,72179579,Action,Comedy,Sport,0
1981,7,7.2,PG,Chariots of Fire,5500000,125,Columbia Pictures,58972904,58972904,Biography,Drama,Sport,0
1981,8,6.8,PG,For Your Eyes Only,28000000,127,Metro-Goldwyn-Mayer,54812802,54812802,Action,Adventure,Thriller,0
1981,9,6.9,PG,The Four Seasons,6500000,107,Universal Pictures,50427646,50427646,Comedy,Drama,,0
1981,10,7,PG,Time Bandits,5000000,116,Embassy Pictures,42365581,42365581,Adventure,Comedy,Fantasy,0
1980,1,8.7,PG,Star Wars: Episode V - The Empire Strikes Back,18000000,124,Twentieth Century Fox,400083259,209398025,Action,Adventure,Fantasy,0
1980,2,7.9,R,The Blues Brothers,27000000,133,Universal Pictures,115229890,57229890,Adventure,Comedy,Crime,0
1980,3,6.8,PG,9 to 5,10000000,109,Twentieth Century Fox,103290500,103290500,Comedy,,,0
1980,4,6.8,R,Stir Crazy,10000000,111,Columbia Pictures,101300000,101300000,Comedy,Crime,,0
1980,5,7.7,PG,Airplane!,3500000,88,Paramount Pictures,83453539,83453539,Comedy,,,0
1980,6,6.2,PG,Any Which Way You Can,15000000,116,Warner Bros.,70687344,70687344,Action,Comedy,,0
1980,7,6.2,R,Private Benjamin,10000000,109,Warner Bros.,69847348,69847348,Comedy,War,,0
1980,8,7.5,PG,Coal Miner's Daughter,15000000,124,Universal Pictures,67182787,67182787,Biography,Drama,Music,0
1980,9,5.3,PG,Smokey and the Bandit II,17000000,100,Universal Pictures,66132626,66132626,Action,Comedy,,0
1980,10,5.8,R,The Blue Lagoon,4500000,104,Columbia Pictures,58853106,58853106,Adventure,Drama,Romance,0
1979,1,6.3,PG,Moonraker,34000000,126,Metro-Goldwyn-Mayer,210308099,70308099,Action,Adventure,Sci-Fi,0
1979,2,7.8,PG,Kramer vs. Kramer,8000000,105,Columbia Pictures,106260000,106260000,Drama,,,0
1979,3,8.4,R,Alien,11000000,117,Twentieth Century Fox,101718022,78944891,Horror,Sci-Fi,,0
1979,4,5.8,PG,1941,35000000,118,Universal Pictures,92455742,31755742,Action,Comedy,War,0
1979,5,6.2,R,The Amityville Horror,4700000,117,American International Pictures,86432000,86432000,Horror,,,0
1979,6,7.3,PG,Rocky II,7000000,119,United Artists,85182160,85182160,Drama,Sport,,0
1979,7,6.4,G,Star Trek: The Motion Picture,35000000,132,Paramount Pictures,82258456,82258456,Adventure,Mystery,Sci-Fi,0
1979,8,8.4,R,Apocalypse Now,31500000,147,Metro-Goldwyn-Mayer,78784010,78784010,Drama,Mystery,War,0
1979,9,6.1,R,10,7000000,122,Warner Bros.,74865517,74865517,Comedy,Romance,,0
1979,10,7.2,R,The Jerk,4000000,94,Universal Pictures,73691419,73691419,Comedy,,,0
1978,1,7.2,PG-13,Grease,6000000,110,Paramount Pictures,366178870,159978870,Musical ,Romance,,0
1978,2,7.3,PG,Superman,55000000,143,Warner Bros.,300218018,134218018,Action,Adventure,Drama,0
1978,3,5.8,PG,Jaws 2,20000000,116,Universal Pictures,183855272,77737272,Adventure,Drama,Horror,0
1978,4,7.5,R,National Lampoon's Animal House,3000000,109,Universal Pictures,120091123,120091123,Comedy,,,0
1978,5,6.4,PG,Every Which Way But Loose,5000000,114,Warner Bros.,85196485,85196485,Action,Comedy,,0
1978,6,6.9,PG,Heaven Can Wait,15000000,101,Paramount Pictures,81640278,81640278,Comedy,Fantasy,Romance,0
1978,7,6.3,PG,Hooper,6000000,99,Warner Bros.,78000000,78000000,Action,Comedy,,0
1978,8,6.7,PG,Revenge of the Pink Panther,12000000,99,United Artists,49579269,49579269,Comedy,Crime,Mystery,0
1978,9,8.1,R,The Deer Hunter,15000000,183,Universal Pictures,48991826,48979328,Drama,War,,0
1978,10,7.8,R,Halloween,325000,91,Compass International Pictures,47000000,47000000,Horror,Thriller,,0
1977,1,8.6,PG,Star Wars: Episode IV - A New Hope,11000000,121,Twentieth Century Fox,503015849,307263857,Action,Adventure,Fantasy,0
1977,2,7.6,PG,Close Encounters of the Third Kind,20000000,138,Columbia Pictures,288095460,116395460,Drama,Sci-Fi,,0
1977,3,6.8,R,Saturday Night Fever,3000000,118,Paramount Pictures,237113184,94213184,Drama,Music,,0
1977,4,7,PG,Smokey and the Bandit ,4300000,96,Universal Pictures,126737428,126737428,Action,Comedy,,0
1977,5,7.4,PG,A Bridge Too Far,27000000,175,United Artists,50750000,50750000,Drama,History,War,0
1977,6,6.2,PG,The Deep,9000000,123,Columbia Pictures,47346365,47346365,Adventure,Mystery,Thriller,0
1977,7,7.1,PG,The Spy Who Loved Me,14000000,125,United Artists,46838673,46838673,Action,Adventure,Thriller,0
1977,8,6.6,PG,"Oh, God!",2100000,98,Warner Bros.,41687243,41687243,Comedy,Fantasy,,0
1977,9,8,PG,Annie Hall,4000000,93,United Artists,38251425,38251425,Comedy,Romance,,0
1977,10,5.9,R,Semi-Tough,5700000,108,United Artists,37187139,37187139,Comedy,Romance,Sport,0
